{
  "project_info": {
    "project_number": "577786215745",
    "firebase_url": "https://musicapp-73761-default-rtdb.firebaseio.com",
    "project_id": "musicapp-73761",
    "storage_bucket": "musicapp-73761.appspot.com"
  },
  "client": [
    {
      "client_info": {
        "mobilesdk_app_id": "1:577786215745:android:aa846f3ac38410d6be75c0",
        "android_client_info": {
          "package_name": "com.example.musicapp"
        }
      },
      "oauth_client": [
        {
          "client_id": "577786215745-t9nfssntlg0sk847m1u65sqoaelmprja.apps.googleusercontent.com",
          "client_type": 3
        }
      ],
      "api_key": [
        {
          "current_key": "AIzaSyB8HPGUHJgqWSDMx3wQfhlNO68liP8gSyM"
        }
      ],
      "services": {
        "appinvite_service": {
          "other_platform_oauth_client": [
            {
              "client_id": "577786215745-t9nfssntlg0sk847m1u65sqoaelmprja.apps.googleusercontent.com",
              "client_type": 3
            }
          ]
        }
      }
    }
  ],
  "configuration_version": "1"
}